country,key_indicators,priority_investment_areas,self_assessed_position,self_assessed_score,short_summary
Africa,"['research output and citations (low continental visibility)', 'talent pool and AI skills (capacity and education pipelines)', 'compute and data infrastructure (HPC, data centres, cloud, energy, broadband)', 'startup activity and investment (growing but underfunded)', 'public sector adoption and open government data', 'availability and quality of datasets / data governance', 'participation in regional and global AI governance']","['national and regional compute infrastructure (HPC, green data centres, cloud)', 'data ecosystems, open data pools and data governance frameworks', 'AI skills, curricula, upskilling/reskilling and fellowships/centres of excellence', 'funding and support for startups, digital innovation hubs and accelerators', 'public sector AI adoption and government data/infrastructure for services', 'research & innovation funding and collaborative R&D (regional centres)']","['nascent overall with significant gaps in infrastructure, skills and research visibility', 'some regional hubs and pockets of leadership (e.g., Mauritius, South Africa, Rwanda)', 'high potential but largely in catch-up mode']",2,"The Continental AI Strategy views Africa as largely nascent in AI competitiveness with pockets of regional leadership. It judges progress by research visibility, skills, compute/data infrastructure, startup activity and public sector adoption, and prioritises investments in compute and data infrastructure, skills and centres of excellence, startups, and public data platforms. The overall stance is ambitious but self-critical—Africa is in catch-up mode with high potential."
Australia,"['research output and citation impact (peer‑review publications, field‑weighted citations)', 'talent pool and skills pipeline (graduates, scholarships, specialist AI workforce demand)', 'compute and data infrastructure (supercomputing, cloud regions, data centres, public data platforms)', 'startup activity and investment (VC/early‑stage support, commercialisation programs)', 'industrial adoption across sectors (manufacturing, mining, agriculture, health, public services)', 'public sector adoption and procurement (government pilots, national AI centre, assurance frameworks)', 'governance, trust and regulatory environment (AI Ethics Principles, privacy review, data access laws)']","['National AI Centre and regional AI & Digital Capability Centres to drive adoption', 'AI talent programs and scholarships (Next Generation AI Graduates, cadetships, upskilling)', 'Data platforms and access (Digital Atlas, Data Availability/Transparency arrangements, health data)', 'Compute and AI‑ready infrastructure (national HPC, sovereign compute capacity, data centre build‑out)', 'SME/adoption support and industry–research collaboration (grants, CRC‑P, AI Solutions challenges)', 'Frontier research funding (CSIRO Data61 platforms, Machine Learning & AI Future Science Platform)', 'Responsible AI governance and legal reforms (AI Ethics Principles, Privacy Act review, assurance frameworks)']","['strong research capability with high citation impact (global research leader in specific AI fields)', 'well‑positioned foundations but gaps in commercialisation, enterprise adoption, talent supply and compute', 'aspiring to be a regional/Indo‑Pacific hub and global leader in trusted, responsible AI']",4,"Australia presents itself as a country with strong AI research performance and growing public‑private initiatives, measuring competitiveness by publications/citations, talent, infrastructure, investment and adoption. The government prioritises national coordination, talent pipelines, data access, compute capacity, SME adoption and ethical governance — portraying Australia as competitive and well‑placed but actively addressing commercialization, skills and infrastructure gaps while aiming for regional and global leadership."
Canada,"['research output and world-class academic institutes (publications, AI chairs, institutes like Mila/Vector/Amii)', 'talent pool and skills (research chairs, graduates, recruitment, migration of AI specialists)', 'compute and data infrastructure (HPC, sovereign compute, data platforms and data readiness)', 'startup activity, venture investment and foreign direct investment', 'intellectual property / patents and commercialization outcomes', 'industrial and public sector adoption (procurement, government AI deployments, accelerators)', 'public trust, governance and standards (regulation, ethics, AI registers)']","['national / sovereign compute and high-performance computing infrastructure', 'research chairs, AI fellowships and funding for institutes (support for academic R&D)', 'commercialization & scale-up supports (IP services, access to growth capital, procurement that favours Canadian solutions)', 'data platforms for priority sectors (e.g., health data platforms) and data governance', 'talent pipelines and training (co‑ops, apprenticeships, government training, CSPS)', 'AI governance, standards and safety institutes (standards development, AI Safety Institute, AI Centre of Expertise)']","['global research leader with world‑class institutes and talent', 'strong foundational ecosystem but under‑commercialized and facing gaps (compute, scale‑up, IP retention)', 'active public‑sector adopter with an emphasis on responsible, governed deployment']",4,"Canada presents itself as a global research leader with strong AI institutes, talent and startup activity, but identifies clear gaps in commercialization, sovereign compute, IP retention and public trust. The country is investing in compute, research chairs, data platforms, talent pipelines and governance to convert research strength into scaled industrial and public‑sector impact."
China,"['research output (volume of publications and patents, conference papers)', 'talent pool and training pipeline (universities, graduate flow, elite researchers)', 'data availability and data governance (national data strategy, access to large datasets)', 'compute and infrastructure (data centers, cloud, supercomputers, 5G)', 'startup activity and investment (venture capital, government guidance funds, National Team)', 'industrial and public-sector adoption (AI+X, smart cities, health-code apps, pilot zones)', 'hardware capability (AI/NN chips, robotics, autonomous vehicles)']","['national compute infrastructure and data centres (New Infrastructure)', 'domestic AI chips and semiconductor capability', 'talent development programs and university–industry pipelines', ""national AI open-innovation platforms / 'National Team' integration"", 'sectoral platforms (health/medical imaging data, smart cities, industrial AI)', 'robotics and autonomous systems deployment', 'standards, governance and data-sharing frameworks']","['ambitious national strategy to be the world leader in AI by 2030', 'currently a top-tier competitor (often described as #2 overall) and leading in adoption, data, robotics and supercomputing', 'government-led, fast-adopting ecosystem with strong private–public integration']",5,"China frames AI competitiveness across research output, talent, data and compute infrastructure, startup/investment activity, hardware and broad public/industrial adoption. Its policy documents prioritize national compute and data infrastructure, domestic AI chips, talent pipelines, open-innovation platforms and sectoral AI platforms (health, smart cities, robotics), and present an assertive goal to become the world AI leader by 2030."
European Union,"['research capacity and centres of excellence', 'talent pool and education/upskilling', 'compute and data infrastructure (HPC, cloud, data spaces)', 'startup/scale-up activity and investment', 'industrial adoption and SME uptake', 'public sector adoption and pilot/testing', 'standards, trust and regulatory framework']","['national and European compute infrastructure (HPC, edge, cloud federation)', 'data spaces, open data and sectoral data platforms', 'research excellence centres and R&D funding', 'testing & experimentation facilities and European Digital Innovation Hubs', 'start-up/scale-up funding (seed, venture, accelerators)', 'skills, education and reskilling programmes', 'AI for high‑impact sectors (health, climate/environment, public sector, mobility)']","['committed to becoming a global leader / world-class hub', 'strong research and policy foundations across Member States', 'recognises gaps in computing capacity, commercial scaling and coordinated investment']",4,"The EU positions itself as a strong, coordinated AI ecosystem with solid research centres, policy frameworks and growing investments, while aiming to become a global leader. Priority gaps to address are large-scale compute/data infrastructure, scaling start-ups into global firms, and mobilising further coordinated investment and testing capacity."
France,"['research output and rankings (conference publications, Global AI Vibrancy/Global AI Index)', 'talent pool and training capacity (number of AI researchers, students trained, PhDs, chairs)', 'compute and data infrastructure (public supercomputers, data centres, identified AI sites, energy supply)', 'startup activity and investment (number of AI startups, fundraising, unicorns, foreign investment projects)', 'industrial and public-sector adoption (enterprise use cases, public services deployments)', 'data governance and access (Health Data Hub, CNIL processes, cultural data access)', 'open-source ecosystem and platform presence (projects like Hugging Face, scikit-learn, Mistral)']","['national and public compute infrastructure (Jean Zay, Adastra, Alice Recoque, EuroHPC/AI Factories)', 'training and talent programs (AI Clusters, excellence hubs, chairs, doctoral funding, France 2030 training)', 'scaling data centre capacity and attracting private AI infrastructure (identified sites, streamlined permitting)', 'R&D and strategic tech projects (AI for trust, embedded/frugal AI, breakthrough chip/middleware innovation)', 'AI evaluation and safety (creation and funding of INESIA / evaluation & security capabilities)', 'programs to accelerate diffusion and SME adoption (industry adoption support, platforms, demonstrators)', 'data platforms and governance reforms (health data access, transparency of training data)']","['leading European AI research and talent hub', 'recognized regional/global hub for generative AI and open-source projects', 'strong ecosystem with high investment and infrastructure but needing further scale to match US/China']",4,"France presents itself as a strong, research-led AI competitor and a leading European hub (notably for generative AI and open-source). Its competitiveness metrics emphasize publications, talent, compute and data infrastructure, startup investment and industrial/public adoption. Priorities are national compute, training/talent, data centres and R&D in trusted/frugal/embedded AI, plus evaluation and data-governance. The country sees itself as competitive and ambitious but needing additional scale to fully match global leaders."
Germany,"['research output and quality (publications, citations)', 'talent pipeline and professorships / number of AI specialists', 'compute and data infrastructure (supercomputers, GAIA‑X, data pools)', 'start‑up activity and VC / funding for AI start‑ups', 'industrial adoption (manufacturing, robotics, mobility) and SME uptake', 'AI governance, standards and trustworthiness (regulation, ethical frameworks)']","['AI research chairs / professorships and centres of excellence', 'national/high‑performance compute infrastructure and AI factories', 'federated data infrastructure and data pools (GAIA‑X, health and industry data)', 'SME transfer & experimentation labs (AI service centres, Mittelstand support)', 'AI applications for healthcare, environment/climate and industrial use']","['strong research base and growing domestic AI market', 'leader in human‑centric / trusted AI ambitions (AI ‘Made in Europe’)', 'competitive but with gaps in commercial scale‑up, VC, data access and compute vs US/China']",4,"Germany presents itself as a strong, research‑led AI country with rapid market growth and a strategic emphasis on human‑centric, trustworthy AI. It highlights indicators such as publications, talent (professorships), compute and data infrastructure, start‑up activity and industrial adoption, and prioritises investments in research chairs, national compute, federated data platforms (GAIA‑X), SME transfer labs, and sectoral AI (health, environment, industry). The narrative is ambitious and confident but candid about gaps in VC, data access, and large‑scale commercialisation compared with top global players."
India,"['research output and quality (publications, H‑index, patents)', 'talent pool and skilling (STEM graduates, AI workforce, fellowships)', 'compute and data infrastructure (GPUs, national supercomputing, data platforms)', 'startup activity and investment (AI startups, VC/fund‑of‑funds, incubators)', 'industrial and public‑sector adoption (apps in healthcare, agriculture, e‑governance)', 'international engagement and standards leadership (GPAI, global summits)']","['national AI compute capacity and shared cloud (AIRAWAT / pooled GPUs / supercomputing)', 'large curated and annotated data repositories & federated data platforms (India Datasets Platform, AI‑Kosh)', 'centres of research excellence and applied AI centres (CoEs, ICTAIs, Safety/Research institutes)', 'skilling, fellowships and reskilling programs (industry collaborations, FutureSkills / national fellowships)', 'startup financing & market enablers (grand challenges, fund‑of‑funds, AI marketplace)', 'privacy/security/ethical R&D and governance (privacy law, explainability, safe/trusted AI)']","['large, high‑quality talent base but research impact uneven', 'strong developer/startup activity yet gaps in compute, curated data and high‑end R&D', 'ambitious national push to become an inclusive/global AI leader (AI-for-All / DPI + sovereign models)']",3,"India presents strong strengths in talent and a vibrant startup/developer base and is pursuing an explicit national push (compute, data platforms, CoEs, skilling and funding) to become a global AI leader. The documents consistently acknowledge major gaps — especially in high‑end compute, curated datasets and top‑tier research — and prioritise public‑private efforts, data governance and responsible AI as immediate priorities."
Israel,"['research output (publications, citations, notable models)', 'talent pool and advanced-degree graduates (AI researchers, concentration of AI talent)', 'compute infrastructure (access to GPUs, AI-HPC capacity)', 'data infrastructure and access (national data assets, virtual research rooms)', 'startup activity and private investment (VC, number of AI companies)', 'industrial and public sector adoption (private sector uptake, government AI projects)', 'natural language capabilities (Hebrew & Arabic NLP readiness)', 'international positioning and regulatory influence (participation in OECD, Council of Europe, bilateral collaboration)']","['national AI-HPC / GPU compute infrastructure and scientific HPC', 'HPC technologies R&D lab (infrastructure hardware/software incubation and benchmarking)', 'disciplinary data assets and virtual research-room platforms for secure public data access', 'privacy-enhancing technologies (anonymization, synthetic data, federated learning)', 'Hebrew & Arabic NLP models, datasets and language-processing toolchains', 'scholarships, graduate fellowships and programs to expand AI research talent (including defense-academia pipelines)', 'regulatory sandboxes and public-sector AI adoption programs (pilot projects, guides, training)', 'founding a national AI research institute']","[""consistently ranked among the world's leading AI countries (top-ten) with strong research and startup/commercialization strengths"", 'high concentration of AI talent but facing shortages of senior academic faculty and advanced-degree graduates', 'strong in R&D and commercialization yet has clear gaps in compute/data infrastructure, public-sector adoption and operational/regulatory environment']",4,"Israel positions itself as a top-ten AI nation with strong research, talent concentration and startup activity, but identifies important gaps in compute and data infrastructure, local language NLP, and public-sector adoption. The national program prioritizes investments in AI-HPC, data platforms, PETs, Hebrew/Arabic models, talent expansion, sandboxes and public-sector implementation to maintain and strengthen competitiveness."
Japan,"['research output (papers; noted lag vs US/China)', 'talent pool / skills (shortage of AI researchers, engineers, software developers)', 'compute and data infrastructure (ABCI, Fugaku, data centers, GPUs, power supply)', 'startup activity / investment (start‑up support, funding programs, GENIAC)', 'industrial adoption (manufacturing/monozukuri, robotics, automobiles, health)', 'public sector adoption (government pilots, digital government, AI in administration)', 'security/defense & cyber resilience (cybersecurity posture, defense R&D and export controls)']","['national compute infrastructure and supercomputers (expand ABCI, next‑gen Fugaku)', 'building and provision of high‑quality Japanese and sectoral datasets / public data platforms', 'strengthening R&D in foundation / domain models and trustworthy/transparent models', 'human capital: education, reskilling, fellowships and CAIO/CAIOs in organisations', 'support for startups and SME adoption (accelerators, subsidies, sandboxing)', 'semiconductor and AI hardware development', 'AI safety and evaluation infrastructure (AI Safety Institute / AISI, red‑teaming, standards)']","['solid technical base with sectoral strengths (robotics, manufacturing, materials, health)', 'catch‑up phase at the frontier (lags US/China in publications, compute scale, and some AI capabilities)', 'policy leadership in soft‑law governance and international rule‑making (Hiroshima AI Process)']",3,"Japan views AI competitiveness through research output, talent, compute & data, startup activity, industrial and public adoption, and security posture. Priorities emphasize national compute infrastructure, Japanese/sector data platforms, foundation model R&D, human capital, startup/SME support, semiconductors, and AI safety. Japan self‑assesses as having strong sectoral assets and governance influence but needing to close gaps versus US/China — a solid but still gap‑ridden competitor (score ~3)."
KPMG,"['AI adoption rates (public, employee, student; frequency of intentional use)', 'AI literacy and skills (AI training, self‑reported AI knowledge and efficacy)', 'Organizational adoption and support (extent of org use, AI strategy/culture, training, governance)', 'Trust and acceptance metrics (trustworthiness, willingness to rely, emotions, confidence in institutions)', 'Perceived impacts (realized benefits and experienced negative outcomes)', 'Regulatory adequacy and awareness (perception of laws, support for national/international regulation)', 'Patterns of tool use (generative AI prevalence; public vs employer-provided tools)']","['AI literacy and education (public, employee and student training/upskilling)', 'Organizational governance and assurance (policies, monitoring, human oversight, third‑party assurance)', 'Regulation and international coordination (national laws and international frameworks/standards)', 'Combating AI‑generated misinformation (fact‑checking, detection/watermarking measures)', 'Education sector support (institutional policies, assessment design, resources for responsible use)', 'Workforce reskilling and change management (preparing for job/task changes and human–AI collaboration)']","['global research and advisory voice documenting AI adoption and public attitudes', 'policy‑and‑governance oriented (emphasis on trust, regulation and responsible adoption rather than frontier model building)']",4,"KPMG’s report frames AI competitiveness around adoption, AI literacy, organizational preparedness, trust, and regulatory frameworks rather than frontier model development. It prioritizes investment in training, governance and assurance, regulation and misinformation countermeasures, and education/workforce reskilling, positioning KPMG as a global research and advisory authority focused on trusted, responsible AI adoption."
Poland,"['research output (publications, patents, presence at top AI conferences)', 'talent pool and skills (PISA results, STEM graduates, AI specialists, PhDs)', 'compute & data infrastructure (Government Cloud, data centres with GPUs, trusted data spaces / data trusts, open data maturity)', 'startup activity & investment (VC ecosystem, public R&D grants, state-backed funds and guarantees)', 'industrial adoption (sector uptake in finance, telecoms, healthcare, energy, agriculture, transport, public administration)', 'public sector adoption (GovTech Polska, public procurement of AI, piloting and scaling in administration)', 'international visibility & exports (promotion abroad, participation in EU programmes and international cooperation)']","['R&D and science capacity (implementation PhDs, centres of excellence, Virtual Research Institute, targeted research grants)', 'education and talent development (AI curricula across school levels, coding classes, lifelong learning and retraining)', 'data platforms and governance (open public data, annotated datasets, trusted data spaces / virtual data repositories, medical data sharing)', 'cloud and compute infrastructure (Government Cloud, scalable data centres with GPUs, edge computing, multi‑cloud interoperability)', 'startup and scaleup finance (venture capital growth, public VC/fund programmes, tax incentives for R&D and IP)', 'public sector adoption enablers (GovTech procurement templates, legal/regulatory clarity, pilot programmes and sandboxes)']","['strong technical talent and fast-growing ecosystem (CEE regional leader in talent share)', 'under‑commercialised and under‑resourced in top-tier research and compute compared with Western leaders', ""aspiring to move from 'contender' to internationally recognised leader with focused investment and coordination""]",3,"Poland positions itself as a country with strong technical talent, growing AI companies and supportive public programmes, but with clear gaps in top-tier research, compute/data infrastructure and focused funding. The strategy prioritises R&D capacity, education, data platforms, cloud compute and public‑sector adoption to transition from a regional contender toward an internationally recognised leader."
Singapore,"['research output and impact (publications/citations, research R&D capacity)', 'talent pool and skills (AI creators, practitioners, training targets and scholarships)', 'compute and data infrastructure (supercomputing, GPUs, data architecture/Government Data Architecture)', 'startup activity and AI product teams (number of AI start-ups, accelerators, CoEs)', 'industrial and SME adoption (industry digital plans, 100 Experiments, AI Makerspace)', 'public sector adoption and national projects (National AI Projects, Pair, OneService chatbot)', 'governance, standards and international engagement (Model AI Governance Framework, AI Verify, participation in OECD/WEF/UN)', 'IP & commercialization pathways (patent acceleration / IP support)']","['national compute infrastructure and access to GPUs / supercomputing capacity', 'AI R&D funding and centres of excellence (industry-academia nexus)', 'talent pipelines and training (AI Apprenticeship, postgraduate scholarships, upskilling programmes)', 'data architecture and sharing (public-private data frameworks, trusted data intermediaries, PETs)', 'industry adoption support for SMEs and corporates (AI Makerspace, 100 Experiments, Industry Digital Plans)', 'trusted environment and governance tooling (Model AI Governance Framework, AI Verify, testing and TIC capabilities)', 'testbeds and living labs to pilot and scale (e.g., Punggol Digital District, National AI Projects)']","['global thought leader in AI ethics and governance', 'high research impact / strong publication influence', 'regional and global hub for developing, test-bedding and scaling AI solutions', 'well‑connected, pro‑innovation ecosystem (government, industry, research) despite small domestic market']",5,"Singapore positions itself as a confident, globally‑oriented AI hub and thought leader—notably in AI ethics/governance and research impact—with explicit indicators around publications, talent, compute, data and adoption. Its strategy prioritises compute and data infrastructure, R&D and CoEs, talent pipelines, SME/industry adoption programmes, trusted governance tools, and national testbeds to translate research into scaled public and private deployments."
Switzerland,"['research & university strength (ETH/EPFL, research institutes)', 'talent pool and skills (Global Talent indices, ICT specialist share)', 'compute infrastructure (CSCS, national supercomputers / Alps build)', 'startup activity and patents (start-ups per capita, patents per million)', 'industrial adoption (banking, insurance, pharma, manufacturing examples)', 'public sector adoption and governance (Federal Administration AI strategy/guidelines)', 'data assets and data governance (data portability, MIDATA cooperative, health data initiatives)']","['national/high-performance compute infrastructure (supercomputers, Trusted AI factory)', 'personal data ecosystem & safe-harbour for data (data cooperatives, data portability, eID)', 'AI education and lifelong learning (higher education reform, reskilling, apprenticeships)', 'verification/certification and trustworthy AI (verification body, guidelines, standards)', 'SME enablement and technology transfer (low-cost expert networks, demonstrators, adoption support)']","['strong research and innovation base with world-class institutions and high R&D/patent intensity', 'well-positioned to be a frontrunner in selected AI fields but with gaps in coordinated strategy, scaling and workforce readiness', 'active in international AI governance while seeking to balance innovation and regulation']",4,"Switzerland presents a strong AI competitiveness profile driven by top research institutions, high R&D and patent activity, solid compute assets and a vibrant startup scene, plus growing public-sector AI adoption. Documents stress priorities on data governance (safe-harbour, portability, eID), national compute, education/reskilling, SME enablement and a verification/certification capability to translate research strength into scalable, trustworthy deployment."
UK,"['research output (publications, citations, world-class R&D institutes)', 'talent pool and skills pipeline (PhDs, fellowships, conversion courses, visas)', 'compute and data infrastructure (national supercomputers, AIRR, data centres)', 'startup and investment activity (AI companies, VC funding)', 'commercialisation and adoption (industry diffusion, public sector pilots/procurement)', 'regulatory, standards and assurance capacity (AI safety, AISI, standards engagement)', 'international collaboration and trade (partnerships, Horizon Europe, GPAI)']","['expand sovereign and national compute (AIRR / supercomputing capacity, AI Growth Zones)', 'National Data Library and improving public / high-value datasets', 'skills and talent programs (Turing fellowships, PhDs, conversion courses, scholarships, visa routes)', 'National AI Research & Innovation Programme (funding for frontier and applied R&I)', 'AI safety and assurance (AI Safety Institute, assurance tools and audits)', 'public-sector adoption support (Scan→Pilot→Scale, procurement reform, AI Knowledge Hub)', 'support for frontier/homegrown AI (sovereign AI function, Defence AI Centre / national champions)']","['global research leader with world-class institutes and notable frontier firms', 'strong startup/VC ecosystem (3rd largest AI market) but gaps in commercialization and scale-up', 'pro-innovation regulatory and safety leadership, seeking to deepen compute/data/talent foundations']",4,"The UK presents itself as a strong, research-led AI nation with world-class talent, active startup investment, and recognised leadership on AI safety and governance. Documents emphasise gaps to close—compute, high-value datasets, commercialization/scale-up and broad adoption—and prioritise investments in national compute, data infrastructure, talent/fellowships, AI safety/assurance and public-sector scaling to maintain and extend competitiveness."
USA,"['compute and data infrastructure (data centers, high‑security compute, NAIRR access)', 'semiconductor manufacturing capacity and supply‑chain resilience', 'energy / grid capacity to power AI workloads', 'talent pool and workforce skills (AI education, apprenticeships, retraining)', 'research and R&D breakthroughs (interpretability, control, new AI paradigms)', 'industrial and public‑sector adoption (private sector, DOD, federal agencies)', 'export strength and international technology partnerships / standards', 'availability of open‑source / open‑weight models and datasets']","['national compute access and NAIRR / cloud compute for researchers and startups', 'domestic data center buildout and high‑security classified compute environments', 'reviving and expanding semiconductor manufacturing (CHIPS) and related R&D', 'grid and energy capacity upgrades to meet AI power demands', 'workforce development: AI education, reskilling, apprenticeships, and training', 'fundamental AI research (interpretability, robustness, new paradigms) and testbeds', 'large, high‑quality scientific datasets and secure data services', 'biosecurity screening infrastructure tied to AI capabilities']","['global frontrunner aiming for unquestioned technological dominance', 'current leader in compute, hardware, and models but needing infrastructure and manufacturing restoration', 'strong emphasis on exporting U.S. AI stack and aligning allies']",5,"The U.S. frames AI competitiveness around world‑class compute, data, semiconductor manufacturing, energy capacity, talent, and frontier R&D. It emphasizes large investments in national compute access, secure data centers, chips, grid upgrades, workforce development, interpretability research, and datasets while positioning itself as the global frontrunner that must rapidly expand infrastructure and export American AI standards."
